Bin_ID,Sample,Day,Treatment
1_bin.1,205R1,9,AB
1_bin.10,205R1,9,AB
1_bin.13,205R1,9,AB
1_bin.16,205R1,9,AB
1_bin.19,205R1,9,AB
1_bin.21,205R1,9,AB
1_bin.23,205R1,9,AB
1_bin.25,205R1,9,AB
1_bin.26,205R1,9,AB
1_bin.28,205R1,9,AB
1_bin.3,205R1,9,AB
1_bin.32,205R1,9,AB
1_bin.35,205R1,9,AB
1_bin.4,205R1,9,AB
1_bin.41,205R1,9,AB
1_bin.42,205R1,9,AB
1_bin.44,205R1,9,AB
1_bin.47,205R1,9,AB
1_bin.51,205R1,9,AB
10_bin.10,225R1,9,PC
10_bin.12,225R1,9,PC
10_bin.13,225R1,9,PC
10_bin.15,225R1,9,PC
10_bin.2,225R1,9,PC
10_bin.22,225R1,9,PC
10_bin.24,225R1,9,PC
10_bin.25,225R1,9,PC
10_bin.26,225R1,9,PC
10_bin.27,225R1,9,PC
10_bin.33,225R1,9,PC
10_bin.35,225R1,9,PC
10_bin.36,225R1,9,PC
10_bin.37,225R1,9,PC
10_bin.38,225R1,9,PC
10_bin.39,225R1,9,PC
10_bin.4,225R1,9,PC
10_bin.42,225R1,9,PC
10_bin.46,225R1,9,PC
10_bin.48,225R1,9,PC
10_bin.5,225R1,9,PC
10_bin.50,225R1,9,PC
10_bin.53,225R1,9,PC
10_bin.54,225R1,9,PC
10_bin.55,225R1,9,PC
10_bin.57,225R1,9,PC
10_bin.58,225R1,9,PC
10_bin.6,225R1,9,PC
10_bin.8,225R1,9,PC
11_bin.10,225R2,9,PC
11_bin.12,225R2,9,PC
11_bin.13,225R2,9,PC
11_bin.15,225R2,9,PC
11_bin.16,225R2,9,PC
11_bin.19,225R2,9,PC
11_bin.20,225R2,9,PC
11_bin.22,225R2,9,PC
11_bin.25,225R2,9,PC
11_bin.31,225R2,9,PC
11_bin.34,225R2,9,PC
11_bin.35,225R2,9,PC
11_bin.38,225R2,9,PC
11_bin.42,225R2,9,PC
11_bin.44,225R2,9,PC
11_bin.46,225R2,9,PC
11_bin.47,225R2,9,PC
11_bin.49,225R2,9,PC
11_bin.50,225R2,9,PC
11_bin.51,225R2,9,PC
11_bin.53,225R2,9,PC
11_bin.54,225R2,9,PC
11_bin.8,225R2,9,PC
11_bin.9,225R2,9,PC
12_bin.1,225R3,9,PC
12_bin.13,225R3,9,PC
12_bin.14,225R3,9,PC
12_bin.16,225R3,9,PC
12_bin.19,225R3,9,PC
12_bin.20,225R3,9,PC
12_bin.21,225R3,9,PC
12_bin.22,225R3,9,PC
12_bin.24,225R3,9,PC
12_bin.25,225R3,9,PC
12_bin.26,225R3,9,PC
12_bin.27,225R3,9,PC
12_bin.29,225R3,9,PC
12_bin.3,225R3,9,PC
12_bin.32,225R3,9,PC
12_bin.33,225R3,9,PC
12_bin.37,225R3,9,PC
12_bin.42,225R3,9,PC
12_bin.44,225R3,9,PC
12_bin.45,225R3,9,PC
12_bin.47,225R3,9,PC
12_bin.48,225R3,9,PC
12_bin.5,225R3,9,PC
12_bin.7,225R3,9,PC
12_bin.9,225R3,9,PC
13_bin.10,230R1,9,NC
13_bin.14,230R1,9,NC
13_bin.6,230R1,9,NC
14_bin.11,230R2,9,NC
14_bin.3,230R2,9,NC
15_bin.8,230R3,9,NC
16_bin.10,P205,9,AB
16_bin.16,P205,9,AB
16_bin.18,P205,9,AB
16_bin.20,P205,9,AB
16_bin.21,P205,9,AB
16_bin.25,P205,9,AB
16_bin.31,P205,9,AB
16_bin.33,P205,9,AB
16_bin.34,P205,9,AB
16_bin.35,P205,9,AB
16_bin.39,P205,9,AB
16_bin.41,P205,9,AB
16_bin.44,P205,9,AB
16_bin.49,P205,9,AB
16_bin.5,P205,9,AB
16_bin.56,P205,9,AB
16_bin.57,P205,9,AB
16_bin.58,P205,9,AB
16_bin.8,P205,9,AB
17_bin.10,P210,9,AF
17_bin.11,P210,9,AF
17_bin.12,P210,9,AF
17_bin.15,P210,9,AF
17_bin.19,P210,9,AF
17_bin.20,P210,9,AF
17_bin.21,P210,9,AF
17_bin.22,P210,9,AF
17_bin.24,P210,9,AF
17_bin.6,P210,9,AF
17_bin.9,P210,9,AF
18_bin.1,P215,9,AB+AF
18_bin.14,P215,9,AB+AF
18_bin.19,P215,9,AB+AF
18_bin.21,P215,9,AB+AF
18_bin.24,P215,9,AB+AF
18_bin.26,P215,9,AB+AF
18_bin.27,P215,9,AB+AF
18_bin.31,P215,9,AB+AF
18_bin.38,P215,9,AB+AF
18_bin.4,P215,9,AB+AF
18_bin.7,P215,9,AB+AF
18_bin.8,P215,9,AB+AF
19_bin.11,P225,9,PC
19_bin.12,P225,9,PC
19_bin.13,P225,9,PC
19_bin.14,P225,9,PC
19_bin.15,P225,9,PC
19_bin.19,P225,9,PC
19_bin.20,P225,9,PC
19_bin.22,P225,9,PC
19_bin.24,P225,9,PC
19_bin.26,P225,9,PC
19_bin.3,P225,9,PC
19_bin.32,P225,9,PC
19_bin.36,P225,9,PC
19_bin.37,P225,9,PC
19_bin.40,P225,9,PC
19_bin.41,P225,9,PC
19_bin.42,P225,9,PC
19_bin.43,P225,9,PC
19_bin.47,P225,9,PC
19_bin.51,P225,9,PC
19_bin.52,P225,9,PC
19_bin.53,P225,9,PC
19_bin.6,P225,9,PC
19_bin.8,P225,9,PC
2_bin.1,205R2,9,AB
2_bin.17,205R2,9,AB
2_bin.19,205R2,9,AB
2_bin.21,205R2,9,AB
2_bin.23,205R2,9,AB
2_bin.28,205R2,9,AB
2_bin.30,205R2,9,AB
2_bin.32,205R2,9,AB
2_bin.33,205R2,9,AB
2_bin.34,205R2,9,AB
2_bin.36,205R2,9,AB
2_bin.37,205R2,9,AB
2_bin.4,205R2,9,AB
2_bin.41,205R2,9,AB
2_bin.44,205R2,9,AB
2_bin.5,205R2,9,AB
2_bin.50,205R2,9,AB
2_bin.6,205R2,9,AB
20_bin.13,P230,9,NC
20_bin.9,P230,9,NC
21_bin.1,P305,15,AB
21_bin.10,P305,15,AB
21_bin.14,P305,15,AB
21_bin.17,P305,15,AB
21_bin.18,P305,15,AB
21_bin.2,P305,15,AB
21_bin.22,P305,15,AB
21_bin.23,P305,15,AB
21_bin.24,P305,15,AB
21_bin.25,P305,15,AB
21_bin.26,P305,15,AB
21_bin.27,P305,15,AB
21_bin.3,P305,15,AB
21_bin.35,P305,15,AB
21_bin.37,P305,15,AB
21_bin.39,P305,15,AB
21_bin.4,P305,15,AB
21_bin.40,P305,15,AB
21_bin.44,P305,15,AB
21_bin.46,P305,15,AB
21_bin.47,P305,15,AB
21_bin.52,P305,15,AB
21_bin.54,P305,15,AB
21_bin.56,P305,15,AB
21_bin.57,P305,15,AB
21_bin.58,P305,15,AB
21_bin.8,P305,15,AB
22_bin.1,P310,15,AF
22_bin.10,P310,15,AF
22_bin.13,P310,15,AF
22_bin.14,P310,15,AF
22_bin.17,P310,15,AF
22_bin.18,P310,15,AF
22_bin.22,P310,15,AF
22_bin.24,P310,15,AF
22_bin.25,P310,15,AF
22_bin.28,P310,15,AF
22_bin.31,P310,15,AF
22_bin.32,P310,15,AF
22_bin.33,P310,15,AF
22_bin.35,P310,15,AF
22_bin.38,P310,15,AF
22_bin.39,P310,15,AF
22_bin.4,P310,15,AF
22_bin.41,P310,15,AF
22_bin.42,P310,15,AF
22_bin.44,P310,15,AF
22_bin.45,P310,15,AF
22_bin.47,P310,15,AF
22_bin.48,P310,15,AF
22_bin.5,P310,15,AF
22_bin.6,P310,15,AF
23_bin.1,P315,15,AB+AF
23_bin.10,P315,15,AB+AF
23_bin.11,P315,15,AB+AF
23_bin.16,P315,15,AB+AF
23_bin.17,P315,15,AB+AF
23_bin.18,P315,15,AB+AF
23_bin.19,P315,15,AB+AF
23_bin.26,P315,15,AB+AF
23_bin.27,P315,15,AB+AF
23_bin.29,P315,15,AB+AF
23_bin.3,P315,15,AB+AF
23_bin.32,P315,15,AB+AF
23_bin.34,P315,15,AB+AF
23_bin.35,P315,15,AB+AF
23_bin.37,P315,15,AB+AF
23_bin.4,P315,15,AB+AF
23_bin.40,P315,15,AB+AF
23_bin.42,P315,15,AB+AF
23_bin.44,P315,15,AB+AF
23_bin.46,P315,15,AB+AF
23_bin.47,P315,15,AB+AF
23_bin.48,P315,15,AB+AF
23_bin.50,P315,15,AB+AF
23_bin.52,P315,15,AB+AF
23_bin.53,P315,15,AB+AF
23_bin.54,P315,15,AB+AF
23_bin.55,P315,15,AB+AF
23_bin.6,P315,15,AB+AF
23_bin.7,P315,15,AB+AF
23_bin.8,P315,15,AB+AF
24_bin.1,P325,15,PC
24_bin.10,P325,15,PC
24_bin.13,P325,15,PC
24_bin.14,P325,15,PC
24_bin.15,P325,15,PC
24_bin.16,P325,15,PC
24_bin.17,P325,15,PC
24_bin.20,P325,15,PC
24_bin.24,P325,15,PC
24_bin.25,P325,15,PC
24_bin.27,P325,15,PC
24_bin.29,P325,15,PC
24_bin.3,P325,15,PC
24_bin.35,P325,15,PC
24_bin.37,P325,15,PC
24_bin.4,P325,15,PC
24_bin.40,P325,15,PC
24_bin.41,P325,15,PC
24_bin.42,P325,15,PC
24_bin.47,P325,15,PC
24_bin.49,P325,15,PC
24_bin.5,P325,15,PC
24_bin.51,P325,15,PC
24_bin.52,P325,15,PC
24_bin.55,P325,15,PC
24_bin.59,P325,15,PC
24_bin.6,P325,15,PC
24_bin.63,P325,15,PC
24_bin.64,P325,15,PC
24_bin.67,P325,15,PC
24_bin.9,P325,15,PC
25_bin.2,P330,15,NC
25_bin.5,P330,15,NC
25_bin.7,P330,15,NC
26_bin.1,P405,21,AB
26_bin.10,P405,21,AB
26_bin.12,P405,21,AB
26_bin.13,P405,21,AB
26_bin.21,P405,21,AB
26_bin.23,P405,21,AB
26_bin.24,P405,21,AB
26_bin.27,P405,21,AB
26_bin.28,P405,21,AB
26_bin.30,P405,21,AB
26_bin.32,P405,21,AB
26_bin.33,P405,21,AB
26_bin.35,P405,21,AB
26_bin.36,P405,21,AB
26_bin.38,P405,21,AB
26_bin.39,P405,21,AB
26_bin.40,P405,21,AB
26_bin.41,P405,21,AB
26_bin.42,P405,21,AB
26_bin.45,P405,21,AB
26_bin.46,P405,21,AB
26_bin.48,P405,21,AB
26_bin.49,P405,21,AB
26_bin.50,P405,21,AB
26_bin.52,P405,21,AB
26_bin.6,P405,21,AB
26_bin.7,P405,21,AB
26_bin.8,P405,21,AB
26_bin.9,P405,21,AB
27_bin.14,P410,21,AF
27_bin.15,P410,21,AF
27_bin.2,P410,21,AF
27_bin.21,P410,21,AF
27_bin.22,P410,21,AF
27_bin.23,P410,21,AF
27_bin.24,P410,21,AF
27_bin.25,P410,21,AF
27_bin.27,P410,21,AF
27_bin.28,P410,21,AF
27_bin.29,P410,21,AF
27_bin.3,P410,21,AF
27_bin.30,P410,21,AF
27_bin.31,P410,21,AF
27_bin.32,P410,21,AF
27_bin.35,P410,21,AF
27_bin.38,P410,21,AF
27_bin.41,P410,21,AF
27_bin.44,P410,21,AF
27_bin.47,P410,21,AF
27_bin.7,P410,21,AF
27_bin.8,P410,21,AF
28_bin.1,P415,21,AB+AF
28_bin.10,P415,21,AB+AF
28_bin.13,P415,21,AB+AF
28_bin.14,P415,21,AB+AF
28_bin.15,P415,21,AB+AF
28_bin.19,P415,21,AB+AF
28_bin.24,P415,21,AB+AF
28_bin.25,P415,21,AB+AF
28_bin.26,P415,21,AB+AF
28_bin.28,P415,21,AB+AF
28_bin.3,P415,21,AB+AF
28_bin.30,P415,21,AB+AF
28_bin.33,P415,21,AB+AF
28_bin.37,P415,21,AB+AF
28_bin.38,P415,21,AB+AF
28_bin.39,P415,21,AB+AF
28_bin.40,P415,21,AB+AF
28_bin.41,P415,21,AB+AF
28_bin.42,P415,21,AB+AF
28_bin.43,P415,21,AB+AF
28_bin.44,P415,21,AB+AF
28_bin.46,P415,21,AB+AF
28_bin.47,P415,21,AB+AF
28_bin.8,P415,21,AB+AF
28_bin.9,P415,21,AB+AF
29_bin.10,P425,21,PC
29_bin.12,P425,21,PC
29_bin.13,P425,21,PC
29_bin.16,P425,21,PC
29_bin.17,P425,21,PC
29_bin.21,P425,21,PC
29_bin.22,P425,21,PC
29_bin.23,P425,21,PC
29_bin.25,P425,21,PC
29_bin.27,P425,21,PC
29_bin.29,P425,21,PC
29_bin.3,P425,21,PC
29_bin.30,P425,21,PC
29_bin.31,P425,21,PC
29_bin.33,P425,21,PC
29_bin.35,P425,21,PC
29_bin.36,P425,21,PC
29_bin.37,P425,21,PC
29_bin.38,P425,21,PC
29_bin.41,P425,21,PC
29_bin.45,P425,21,PC
29_bin.49,P425,21,PC
29_bin.5,P425,21,PC
29_bin.50,P425,21,PC
29_bin.53,P425,21,PC
29_bin.56,P425,21,PC
29_bin.57,P425,21,PC
29_bin.59,P425,21,PC
29_bin.6,P425,21,PC
29_bin.60,P425,21,PC
29_bin.65,P425,21,PC
29_bin.8,P425,21,PC
3_bin.1,205R3,9,AB
3_bin.12,205R3,9,AB
3_bin.13,205R3,9,AB
3_bin.16,205R3,9,AB
3_bin.17,205R3,9,AB
3_bin.18,205R3,9,AB
3_bin.23,205R3,9,AB
3_bin.24,205R3,9,AB
3_bin.26,205R3,9,AB
3_bin.31,205R3,9,AB
3_bin.32,205R3,9,AB
3_bin.33,205R3,9,AB
3_bin.34,205R3,9,AB
3_bin.5,205R3,9,AB
3_bin.8,205R3,9,AB
30_bin.2,P430,21,NC
31_bin.12,P505,27,AB
31_bin.15,P505,27,AB
31_bin.16,P505,27,AB
31_bin.17,P505,27,AB
31_bin.18,P505,27,AB
31_bin.19,P505,27,AB
31_bin.21,P505,27,AB
31_bin.23,P505,27,AB
31_bin.26,P505,27,AB
31_bin.27,P505,27,AB
31_bin.29,P505,27,AB
31_bin.3,P505,27,AB
31_bin.31,P505,27,AB
31_bin.33,P505,27,AB
31_bin.36,P505,27,AB
31_bin.37,P505,27,AB
31_bin.39,P505,27,AB
31_bin.4,P505,27,AB
31_bin.40,P505,27,AB
31_bin.43,P505,27,AB
31_bin.44,P505,27,AB
31_bin.46,P505,27,AB
31_bin.47,P505,27,AB
31_bin.8,P505,27,AB
31_bin.9,P505,27,AB
32_bin.13,P510,27,AF
32_bin.15,P510,27,AF
32_bin.16,P510,27,AF
32_bin.17,P510,27,AF
32_bin.20,P510,27,AF
32_bin.21,P510,27,AF
32_bin.23,P510,27,AF
32_bin.24,P510,27,AF
32_bin.29,P510,27,AF
32_bin.31,P510,27,AF
32_bin.34,P510,27,AF
32_bin.35,P510,27,AF
32_bin.37,P510,27,AF
32_bin.38,P510,27,AF
32_bin.4,P510,27,AF
32_bin.44,P510,27,AF
32_bin.51,P510,27,AF
32_bin.52,P510,27,AF
32_bin.53,P510,27,AF
32_bin.55,P510,27,AF
32_bin.56,P510,27,AF
32_bin.57,P510,27,AF
32_bin.6,P510,27,AF
32_bin.8,P510,27,AF
34_bin.10,P525,27,PC
34_bin.11,P525,27,PC
34_bin.13,P525,27,PC
34_bin.16,P525,27,PC
34_bin.17,P525,27,PC
34_bin.18,P525,27,PC
34_bin.19,P525,27,PC
34_bin.2,P525,27,PC
34_bin.20,P525,27,PC
34_bin.22,P525,27,PC
34_bin.25,P525,27,PC
34_bin.26,P525,27,PC
34_bin.27,P525,27,PC
34_bin.28,P525,27,PC
34_bin.29,P525,27,PC
34_bin.3,P525,27,PC
34_bin.31,P525,27,PC
34_bin.32,P525,27,PC
34_bin.34,P525,27,PC
34_bin.36,P525,27,PC
34_bin.38,P525,27,PC
34_bin.4,P525,27,PC
34_bin.40,P525,27,PC
34_bin.41,P525,27,PC
34_bin.42,P525,27,PC
34_bin.43,P525,27,PC
34_bin.44,P525,27,PC
34_bin.45,P525,27,PC
34_bin.46,P525,27,PC
34_bin.49,P525,27,PC
34_bin.52,P525,27,PC
34_bin.57,P525,27,PC
34_bin.7,P525,27,PC
34_bin.8,P525,27,PC
35_bin.3,P530,27,NC
35_bin.8,P530,27,NC
35_bin.9,P530,27,NC
36_bin.12,P605,33,AB
36_bin.19,P605,33,AB
36_bin.2,P605,33,AB
36_bin.21,P605,33,AB
36_bin.22,P605,33,AB
36_bin.24,P605,33,AB
36_bin.25,P605,33,AB
36_bin.26,P605,33,AB
36_bin.3,P605,33,AB
36_bin.30,P605,33,AB
36_bin.31,P605,33,AB
36_bin.32,P605,33,AB
36_bin.38,P605,33,AB
36_bin.39,P605,33,AB
36_bin.43,P605,33,AB
36_bin.44,P605,33,AB
36_bin.45,P605,33,AB
36_bin.46,P605,33,AB
36_bin.47,P605,33,AB
36_bin.48,P605,33,AB
36_bin.6,P605,33,AB
36_bin.7,P605,33,AB
36_bin.9,P605,33,AB
37_bin.11,P610,33,AF
37_bin.14,P610,33,AF
37_bin.17,P610,33,AF
37_bin.2,P610,33,AF
37_bin.31,P610,33,AF
37_bin.32,P610,33,AF
37_bin.33,P610,33,AF
37_bin.38,P610,33,AF
37_bin.39,P610,33,AF
37_bin.40,P610,33,AF
37_bin.48,P610,33,AF
37_bin.49,P610,33,AF
37_bin.5,P610,33,AF
37_bin.52,P610,33,AF
37_bin.55,P610,33,AF
37_bin.57,P610,33,AF
37_bin.58,P610,33,AF
37_bin.59,P610,33,AF
37_bin.60,P610,33,AF
37_bin.7,P610,33,AF
38_bin.1,P615,33,AB+AF
38_bin.10,P615,33,AB+AF
38_bin.12,P615,33,AB+AF
38_bin.15,P615,33,AB+AF
38_bin.18,P615,33,AB+AF
38_bin.2,P615,33,AB+AF
38_bin.22,P615,33,AB+AF
38_bin.23,P615,33,AB+AF
38_bin.24,P615,33,AB+AF
38_bin.26,P615,33,AB+AF
38_bin.28,P615,33,AB+AF
38_bin.29,P615,33,AB+AF
38_bin.3,P615,33,AB+AF
38_bin.31,P615,33,AB+AF
38_bin.32,P615,33,AB+AF
38_bin.35,P615,33,AB+AF
38_bin.36,P615,33,AB+AF
38_bin.38,P615,33,AB+AF
38_bin.40,P615,33,AB+AF
38_bin.42,P615,33,AB+AF
38_bin.43,P615,33,AB+AF
38_bin.44,P615,33,AB+AF
38_bin.45,P615,33,AB+AF
38_bin.48,P615,33,AB+AF
38_bin.5,P615,33,AB+AF
38_bin.52,P615,33,AB+AF
38_bin.54,P615,33,AB+AF
38_bin.7,P615,33,AB+AF
38_bin.9,P615,33,AB+AF
39_bin.11,P625,33,PC
39_bin.13,P625,33,PC
39_bin.15,P625,33,PC
39_bin.16,P625,33,PC
39_bin.18,P625,33,PC
39_bin.19,P625,33,PC
39_bin.2,P625,33,PC
39_bin.20,P625,33,PC
39_bin.23,P625,33,PC
39_bin.24,P625,33,PC
39_bin.25,P625,33,PC
39_bin.29,P625,33,PC
39_bin.31,P625,33,PC
39_bin.33,P625,33,PC
39_bin.35,P625,33,PC
39_bin.36,P625,33,PC
39_bin.40,P625,33,PC
39_bin.43,P625,33,PC
39_bin.46,P625,33,PC
39_bin.48,P625,33,PC
39_bin.49,P625,33,PC
39_bin.50,P625,33,PC
39_bin.51,P625,33,PC
39_bin.52,P625,33,PC
39_bin.53,P625,33,PC
39_bin.55,P625,33,PC
39_bin.56,P625,33,PC
39_bin.57,P625,33,PC
39_bin.58,P625,33,PC
39_bin.59,P625,33,PC
39_bin.6,P625,33,PC
39_bin.7,P625,33,PC
39_bin.9,P625,33,PC
4_bin.10,210R1,9,AF
4_bin.11,210R1,9,AF
4_bin.13,210R1,9,AF
4_bin.16,210R1,9,AF
4_bin.17,210R1,9,AF
4_bin.20,210R1,9,AF
4_bin.6,210R1,9,AF
4_bin.7,210R1,9,AF
4_bin.8,210R1,9,AF
4_bin.9,210R1,9,AF
40_bin.5,P630,33,NC
40_bin.6,P630,33,NC
41_bin.17,P705,42,AB
41_bin.2,P705,42,AB
41_bin.21,P705,42,AB
41_bin.23,P705,42,AB
41_bin.25,P705,42,AB
41_bin.26,P705,42,AB
41_bin.27,P705,42,AB
41_bin.29,P705,42,AB
41_bin.3,P705,42,AB
41_bin.32,P705,42,AB
41_bin.34,P705,42,AB
41_bin.35,P705,42,AB
41_bin.36,P705,42,AB
41_bin.37,P705,42,AB
41_bin.38,P705,42,AB
41_bin.42,P705,42,AB
41_bin.43,P705,42,AB
41_bin.46,P705,42,AB
41_bin.48,P705,42,AB
41_bin.5,P705,42,AB
41_bin.50,P705,42,AB
41_bin.52,P705,42,AB
41_bin.55,P705,42,AB
41_bin.58,P705,42,AB
41_bin.6,P705,42,AB
41_bin.60,P705,42,AB
41_bin.61,P705,42,AB
41_bin.62,P705,42,AB
41_bin.64,P705,42,AB
41_bin.65,P705,42,AB
41_bin.66,P705,42,AB
41_bin.7,P705,42,AB
41_bin.71,P705,42,AB
41_bin.72,P705,42,AB
41_bin.73,P705,42,AB
41_bin.74,P705,42,AB
41_bin.76,P705,42,AB
42_bin.11,P710,42,AF
42_bin.13,P710,42,AF
42_bin.14,P710,42,AF
42_bin.16,P710,42,AF
42_bin.18,P710,42,AF
42_bin.19,P710,42,AF
42_bin.2,P710,42,AF
42_bin.20,P710,42,AF
42_bin.21,P710,42,AF
42_bin.24,P710,42,AF
42_bin.26,P710,42,AF
42_bin.28,P710,42,AF
42_bin.32,P710,42,AF
42_bin.34,P710,42,AF
42_bin.36,P710,42,AF
42_bin.37,P710,42,AF
42_bin.38,P710,42,AF
42_bin.42,P710,42,AF
42_bin.47,P710,42,AF
42_bin.50,P710,42,AF
42_bin.52,P710,42,AF
42_bin.53,P710,42,AF
42_bin.54,P710,42,AF
42_bin.6,P710,42,AF
42_bin.62,P710,42,AF
42_bin.65,P710,42,AF
42_bin.9,P710,42,AF
43_bin.11,P715,42,AB+AF
43_bin.18,P715,42,AB+AF
43_bin.21,P715,42,AB+AF
43_bin.22,P715,42,AB+AF
43_bin.24,P715,42,AB+AF
43_bin.25,P715,42,AB+AF
43_bin.28,P715,42,AB+AF
43_bin.30,P715,42,AB+AF
43_bin.34,P715,42,AB+AF
43_bin.35,P715,42,AB+AF
43_bin.37,P715,42,AB+AF
43_bin.39,P715,42,AB+AF
43_bin.4,P715,42,AB+AF
43_bin.42,P715,42,AB+AF
43_bin.43,P715,42,AB+AF
43_bin.46,P715,42,AB+AF
43_bin.47,P715,42,AB+AF
43_bin.50,P715,42,AB+AF
43_bin.51,P715,42,AB+AF
43_bin.56,P715,42,AB+AF
43_bin.58,P715,42,AB+AF
43_bin.59,P715,42,AB+AF
43_bin.60,P715,42,AB+AF
43_bin.7,P715,42,AB+AF
43_bin.8,P715,42,AB+AF
44_bin.12,P725,42,PC
44_bin.15,P725,42,PC
44_bin.16,P725,42,PC
44_bin.17,P725,42,PC
44_bin.20,P725,42,PC
44_bin.21,P725,42,PC
44_bin.22,P725,42,PC
44_bin.24,P725,42,PC
44_bin.25,P725,42,PC
44_bin.27,P725,42,PC
44_bin.29,P725,42,PC
44_bin.3,P725,42,PC
44_bin.30,P725,42,PC
44_bin.35,P725,42,PC
44_bin.36,P725,42,PC
44_bin.4,P725,42,PC
44_bin.41,P725,42,PC
44_bin.42,P725,42,PC
44_bin.44,P725,42,PC
44_bin.45,P725,42,PC
44_bin.47,P725,42,PC
44_bin.5,P725,42,PC
44_bin.50,P725,42,PC
44_bin.52,P725,42,PC
44_bin.53,P725,42,PC
44_bin.6,P725,42,PC
45_bin.1,P730,42,NC
45_bin.11,P730,42,NC
45_bin.12,P730,42,NC
45_bin.16,P730,42,NC
45_bin.21,P730,42,NC
45_bin.5,P730,42,NC
46_bin.12,P805,51,AB
46_bin.18,P805,51,AB
46_bin.19,P805,51,AB
46_bin.20,P805,51,AB
46_bin.21,P805,51,AB
46_bin.22,P805,51,AB
46_bin.25,P805,51,AB
46_bin.27,P805,51,AB
46_bin.28,P805,51,AB
46_bin.30,P805,51,AB
46_bin.32,P805,51,AB
46_bin.33,P805,51,AB
46_bin.4,P805,51,AB
46_bin.40,P805,51,AB
46_bin.42,P805,51,AB
46_bin.43,P805,51,AB
46_bin.5,P805,51,AB
46_bin.51,P805,51,AB
46_bin.52,P805,51,AB
46_bin.53,P805,51,AB
46_bin.54,P805,51,AB
46_bin.56,P805,51,AB
46_bin.59,P805,51,AB
46_bin.60,P805,51,AB
46_bin.62,P805,51,AB
46_bin.64,P805,51,AB
46_bin.67,P805,51,AB
46_bin.68,P805,51,AB
46_bin.70,P805,51,AB
46_bin.72,P805,51,AB
46_bin.73,P805,51,AB
47_bin.13,P810,51,AF
47_bin.18,P810,51,AF
47_bin.20,P810,51,AF
47_bin.22,P810,51,AF
47_bin.25,P810,51,AF
47_bin.27,P810,51,AF
47_bin.28,P810,51,AF
47_bin.29,P810,51,AF
47_bin.3,P810,51,AF
47_bin.30,P810,51,AF
47_bin.31,P810,51,AF
47_bin.32,P810,51,AF
47_bin.37,P810,51,AF
47_bin.4,P810,51,AF
47_bin.40,P810,51,AF
47_bin.46,P810,51,AF
47_bin.47,P810,51,AF
47_bin.51,P810,51,AF
47_bin.53,P810,51,AF
47_bin.54,P810,51,AF
47_bin.55,P810,51,AF
47_bin.58,P810,51,AF
47_bin.6,P810,51,AF
47_bin.61,P810,51,AF
47_bin.62,P810,51,AF
47_bin.63,P810,51,AF
47_bin.64,P810,51,AF
47_bin.65,P810,51,AF
47_bin.66,P810,51,AF
47_bin.67,P810,51,AF
47_bin.68,P810,51,AF
47_bin.69,P810,51,AF
48_bin.1,P815,51,AB+AF
48_bin.10,P815,51,AB+AF
48_bin.11,P815,51,AB+AF
48_bin.12,P815,51,AB+AF
48_bin.13,P815,51,AB+AF
48_bin.18,P815,51,AB+AF
48_bin.2,P815,51,AB+AF
48_bin.20,P815,51,AB+AF
48_bin.25,P815,51,AB+AF
48_bin.26,P815,51,AB+AF
48_bin.27,P815,51,AB+AF
48_bin.29,P815,51,AB+AF
48_bin.32,P815,51,AB+AF
48_bin.35,P815,51,AB+AF
48_bin.38,P815,51,AB+AF
48_bin.39,P815,51,AB+AF
48_bin.40,P815,51,AB+AF
48_bin.42,P815,51,AB+AF
48_bin.48,P815,51,AB+AF
48_bin.49,P815,51,AB+AF
48_bin.5,P815,51,AB+AF
48_bin.50,P815,51,AB+AF
48_bin.54,P815,51,AB+AF
48_bin.56,P815,51,AB+AF
48_bin.57,P815,51,AB+AF
48_bin.58,P815,51,AB+AF
48_bin.6,P815,51,AB+AF
48_bin.64,P815,51,AB+AF
48_bin.65,P815,51,AB+AF
48_bin.66,P815,51,AB+AF
48_bin.67,P815,51,AB+AF
48_bin.68,P815,51,AB+AF
48_bin.7,P815,51,AB+AF
48_bin.72,P815,51,AB+AF
48_bin.74,P815,51,AB+AF
48_bin.76,P815,51,AB+AF
48_bin.77,P815,51,AB+AF
48_bin.8,P815,51,AB+AF
49_bin.10,P825,51,PC
49_bin.100,P825,51,PC
49_bin.15,P825,51,PC
49_bin.17,P825,51,PC
49_bin.21,P825,51,PC
49_bin.22,P825,51,PC
49_bin.24,P825,51,PC
49_bin.25,P825,51,PC
49_bin.26,P825,51,PC
49_bin.3,P825,51,PC
49_bin.31,P825,51,PC
49_bin.33,P825,51,PC
49_bin.36,P825,51,PC
49_bin.4,P825,51,PC
49_bin.41,P825,51,PC
49_bin.46,P825,51,PC
49_bin.47,P825,51,PC
49_bin.50,P825,51,PC
49_bin.52,P825,51,PC
49_bin.53,P825,51,PC
49_bin.57,P825,51,PC
49_bin.58,P825,51,PC
49_bin.59,P825,51,PC
49_bin.60,P825,51,PC
49_bin.64,P825,51,PC
49_bin.68,P825,51,PC
49_bin.70,P825,51,PC
49_bin.75,P825,51,PC
49_bin.76,P825,51,PC
49_bin.77,P825,51,PC
49_bin.80,P825,51,PC
49_bin.81,P825,51,PC
49_bin.83,P825,51,PC
49_bin.84,P825,51,PC
49_bin.86,P825,51,PC
49_bin.89,P825,51,PC
49_bin.90,P825,51,PC
49_bin.91,P825,51,PC
49_bin.94,P825,51,PC
49_bin.95,P825,51,PC
49_bin.98,P825,51,PC
49_bin.99,P825,51,PC
5_bin.11,210R2,9,AF
5_bin.16,210R2,9,AF
5_bin.17,210R2,9,AF
5_bin.19,210R2,9,AF
5_bin.21,210R2,9,AF
5_bin.24,210R2,9,AF
5_bin.25,210R2,9,AF
5_bin.3,210R2,9,AF
5_bin.4,210R2,9,AF
5_bin.5,210R2,9,AF
5_bin.6,210R2,9,AF
5_bin.8,210R2,9,AF
5_bin.9,210R2,9,AF
50_bin.1,P830,51,NC
50_bin.11,P830,51,NC
50_bin.19,P830,51,NC