,SampleID,BarcodeSequence,LinkerPrimerSequence,BarcodePlate,Well,Project,Project_lead,Description,Replicate,Day,Treatment,MAG,Pooled,not_pooled
D530E11,D530E11,AAGCCGGGTCCG,GTGTGYCAGCMGCCGCGGTAA,6,E11,NA,NA,D530_E11,2,27,NC,FALSE,P530,pooled
D510E1,D510E1,AGAAGGCCTTAT,GTGTGYCAGCMGCCGCGGTAA,6,E1,NA,NA,D510_E1,1,27,AF,FALSE,P510,pooled
D205A2,D205A2,CTACCGATTGCG,GTGTGYCAGCMGCCGCGGTAA,6,A2,NA,NA,D205_A2,2,9,AB,FALSE,P205,D205A2
D630G3,D630G3,CATGATTAAGAG,GTGTGYCAGCMGCCGCGGTAA,6,G3,NA,NA,D630_G3,3,33,NC,FALSE,P630,pooled
D630G2,D630G2,GCTATATCCAGG,GTGTGYCAGCMGCCGCGGTAA,6,G2,NA,NA,D630_G2,2,33,NC,FALSE,P630,pooled
D230B2,D230B2,GGTAATAGAGTT,GTGTGYCAGCMGCCGCGGTAA,6,B2,NA,NA,D230_B2,2,9,NC,FALSE,P230,D230B2
D305B6,D305B6,TTGCGACAAAGT,GTGTGYCAGCMGCCGCGGTAA,6,B6,NA,NA,D305_B6,3,15,AB,FALSE,P305,pooled
D530E12,D530E12,AGGACGCCAGCA,GTGTGYCAGCMGCCGCGGTAA,6,E12,NA,NA,D530_E12,3,27,NC,FALSE,P530,pooled
D330C4,D330C4,GTGACCCTGTCA,GTGTGYCAGCMGCCGCGGTAA,6,C4,NA,NA,D330_C4,1,15,NC,FALSE,P330,pooled
D630G1,D630G1,TACCTGTGTCTT,GTGTGYCAGCMGCCGCGGTAA,6,G1,NA,NA,D630_G1,1,33,NC,FALSE,P630,pooled
D405C7,D405C7,GTTGACCATCGC,GTGTGYCAGCMGCCGCGGTAA,6,C7,NA,NA,D405_C7,1,21,AB,FALSE,P405,pooled
D205A1,D205A1,GTTCGGTGTCCA,GTGTGYCAGCMGCCGCGGTAA,6,A1,NA,NA,D205_A1,1,9,AB,FALSE,P205,D205A1
D730H6,D730H6,ATCGTTATATCA,GTGTGYCAGCMGCCGCGGTAA,6,H6,NA,NA,D730_H6,3,42,NC,FALSE,P730,pooled
D510E2,D510E2,TGGACTCAGCTA,GTGTGYCAGCMGCCGCGGTAA,6,E2,NA,NA,D510_E2,2,27,AF,FALSE,P510,pooled
D310B8,D310B8,CGTGGTGGGAAC,GTGTGYCAGCMGCCGCGGTAA,6,B8,NA,NA,D310_B8,2,15,AF,FALSE,P310,pooled
D210A4,D210A4,CTAACCTCATAT,GTGTGYCAGCMGCCGCGGTAA,6,A4,NA,NA,D210_A4,1,9,AF,FALSE,P210,D210A4
D725H1,D725H1,GATGCGCAGGAC,GTGTGYCAGCMGCCGCGGTAA,6,H1,NA,NA,D725_H1,1,42,PC,FALSE,P725,pooled
D625F10,D625F10,CTTGAGAAATCG,GTGTGYCAGCMGCCGCGGTAA,6,F10,NA,NA,D625_F10,1,33,PC,FALSE,P625,pooled
D405C9,D405C9,CGCAGATTAGTA,GTGTGYCAGCMGCCGCGGTAA,6,C9,NA,NA,D405_C9,3,21,AB,FALSE,P405,pooled
D815A3,D815A3,GAAGATCTATCG,GTGTGYCAGCMGCCGCGGTAA,7,A3,NA,NA,D815_A3,3,51,AB+AF,FALSE,P815,pooled
D310B7,D310B7,AGGAACCAGACG,GTGTGYCAGCMGCCGCGGTAA,6,B7,NA,NA,D310_B7,1,15,AF,FALSE,P310,pooled
D405C8,D405C8,AGACACCAATGT,GTGTGYCAGCMGCCGCGGTAA,6,C8,NA,NA,D405_C8,2,21,AB,FALSE,P405,pooled
D530E10,D530E10,ACACGCGGTTTA,GTGTGYCAGCMGCCGCGGTAA,6,E10,NA,NA,D530_E10,1,27,NC,FALSE,P530,pooled
D705G4,D705G4,ACCTATGGTGAA,GTGTGYCAGCMGCCGCGGTAA,6,G4,NA,NA,D705_G4,1,42,AB,FALSE,P705,pooled
D225A11,D225A11,GTCAATTAGTGG,GTGTGYCAGCMGCCGCGGTAA,6,A11,NA,NA,D225_A11,2,9,PC,FALSE,P225,D225A11
D325C2,D325C2,GTAAATTCAGGC,GTGTGYCAGCMGCCGCGGTAA,6,C2,NA,NA,D325_C2,2,15,PC,FALSE,P325,pooled
D305B4,D305B4,CTTCGGAGGGAG,GTGTGYCAGCMGCCGCGGTAA,6,B4,NA,NA,D305_B4,1,15,AB,FALSE,P305,pooled
D325C1,D325C1,CAGGGTAGGGTA,GTGTGYCAGCMGCCGCGGTAA,6,C1,NA,NA,D325_C1,1,15,PC,FALSE,P325,pooled
D225A10,D225A10,ATTTGAAGAGGT,GTGTGYCAGCMGCCGCGGTAA,6,A10,NA,NA,D225_A10,1,9,PC,FALSE,P225,D225A10
D815A1,D815A1,TAGACCGACTCC,GTGTGYCAGCMGCCGCGGTAA,7,A1,NA,NA,D815_A1,1,51,AB+AF,FALSE,P815,pooled
D205A3,D205A3,GAGAGTCCACTT,GTGTGYCAGCMGCCGCGGTAA,6,A3,NA,NA,D205_A3,3,9,AB,FALSE,P205,D205A3
D815A2,D815A2,TGGAATTCGGCT,GTGTGYCAGCMGCCGCGGTAA,7,A2,NA,NA,D815_A2,2,51,AB+AF,FALSE,P815,pooled
D325C3,D325C3,ACCCGGATTTCG,GTGTGYCAGCMGCCGCGGTAA,6,C3,NA,NA,D325_C3,3,15,PC,FALSE,P325,pooled
D415D2,D415D2,AATATCGGGATC,GTGTGYCAGCMGCCGCGGTAA,6,D2,NA,NA,D415_D2,2,21,AB+AF,FALSE,P415,pooled
D305B5,D305B5,TAAGAAACGTCA,GTGTGYCAGCMGCCGCGGTAA,6,B5,NA,NA,D305_B5,2,15,AB,FALSE,P305,pooled
D415D3,D415D3,AAGCCTCTACGA,GTGTGYCAGCMGCCGCGGTAA,6,D3,NA,NA,D415_D3,3,21,AB+AF,FALSE,P415,pooled
D825A4,D825A4,ATCGCCGCCTTG,GTGTGYCAGCMGCCGCGGTAA,7,A4,NA,NA,D825_A4,1,51,PC,FALSE,P825,pooled
D725H3,D725H3,AGCACCGGTCTT,GTGTGYCAGCMGCCGCGGTAA,6,H3,NA,NA,D725_H3,3,42,PC,FALSE,P725,pooled
D415D1,D415D1,CTAGTCGCTGGT,GTGTGYCAGCMGCCGCGGTAA,6,D1,NA,NA,D415_D1,1,21,AB+AF,FALSE,P415,pooled
D715G11,D715G11,CTTCAAGATGGA,GTGTGYCAGCMGCCGCGGTAA,6,G11,NA,NA,D715_G11,2,42,AB+AF,FALSE,P715,pooled
D515E4,D515E4,TAGGAGAGACAG,GTGTGYCAGCMGCCGCGGTAA,6,E4,NA,NA,D515_E4,1,27,AB+AF,FALSE,P515,pooled
D315B10,D315B10,TCTACGGCACGT,GTGTGYCAGCMGCCGCGGTAA,6,B10,NA,NA,D315_B10,1,15,AB+AF,FALSE,P315,pooled
D715G10,D715G10,ACGGCCCTGGAG,GTGTGYCAGCMGCCGCGGTAA,6,G10,NA,NA,D715_G10,1,42,AB+AF,FALSE,P715,pooled
D525E8,D525E8,ATGTATCAATTA,GTGTGYCAGCMGCCGCGGTAA,6,E8,NA,NA,D525_E8,2,27,PC,FALSE,P525,pooled
D615F7,D615F7,ATTCGGTAGTGC,GTGTGYCAGCMGCCGCGGTAA,6,F7,NA,NA,D615_F7,1,33,AB+AF,FALSE,P615,pooled
D525E7,D525E7,TATCGTTATCGT,GTGTGYCAGCMGCCGCGGTAA,6,E7,NA,NA,D525_E7,1,27,PC,FALSE,P525,pooled
D710G8,D710G8,AGACAGTAGGAG,GTGTGYCAGCMGCCGCGGTAA,6,G8,NA,NA,D710_G8,2,42,AF,FALSE,P710,pooled
D825A6,D825A6,TCAAGCAATACG,GTGTGYCAGCMGCCGCGGTAA,7,A6,NA,NA,D825_A6,3,51,PC,FALSE,P825,pooled
D505D12,D505D12,ATGGATAGCTAA,GTGTGYCAGCMGCCGCGGTAA,6,D12,NA,NA,D505_D12,3,27,AB,FALSE,P505,pooled
D615F8,D615F8,CGCTGGCTTTAG,GTGTGYCAGCMGCCGCGGTAA,6,F8,NA,NA,D615_F8,2,33,AB+AF,FALSE,P615,pooled
D715G12,D715G12,CACAATACACCG,GTGTGYCAGCMGCCGCGGTAA,6,G12,NA,NA,D715_G12,3,42,AB+AF,FALSE,P715,pooled
D725H2,D725H2,TGAAAGCGGCGA,GTGTGYCAGCMGCCGCGGTAA,6,H2,NA,NA,D725_H2,2,42,PC,FALSE,P725,pooled
D510E3,D510E3,GCGATGGCGATG,GTGTGYCAGCMGCCGCGGTAA,6,E3,NA,NA,D510_E3,3,27,AF,FALSE,P510,pooled
D625F11,D625F11,CGAGGGAAAGTC,GTGTGYCAGCMGCCGCGGTAA,6,F11,NA,NA,D625_F11,2,33,PC,FALSE,P625,pooled
D805H7,D805H7,TACTTAAACATC,GTGTGYCAGCMGCCGCGGTAA,6,H7,NA,NA,D805_H7,1,51,AB,FALSE,P805,pooled
D525E9,D525E9,CAAATGGTCGTC,GTGTGYCAGCMGCCGCGGTAA,6,E9,NA,NA,D525_E9,3,27,PC,FALSE,P525,pooled
D705G6,D705G6,GTTCCATCGGCC,GTGTGYCAGCMGCCGCGGTAA,6,G6,NA,NA,D705_G6,3,42,AB,FALSE,P705,pooled
D610F6,D610F6,GAACAAAGAGCG,GTGTGYCAGCMGCCGCGGTAA,6,F6,NA,NA,D610_F6,3,33,AF,FALSE,P610,pooled
D705G5,D705G5,AATCTAACAATT,GTGTGYCAGCMGCCGCGGTAA,6,G5,NA,NA,D705_G5,2,42,AB,FALSE,P705,pooled
D710G9,D710G9,ATAGACACTCCG,GTGTGYCAGCMGCCGCGGTAA,6,G9,NA,NA,D710_G9,3,42,AF,FALSE,P710,pooled
D625F12,D625F12,GAATGCGTATAA,GTGTGYCAGCMGCCGCGGTAA,6,F12,NA,NA,D625_F12,3,33,PC,FALSE,P625,pooled
D515E6,D515E6,CCACTCTCTCTA,GTGTGYCAGCMGCCGCGGTAA,6,E6,NA,NA,D515_E6,3,27,AB+AF,FALSE,P515,pooled
D410C11,D410C11,GGCCTATAAGTC,GTGTGYCAGCMGCCGCGGTAA,6,C11,NA,NA,D410_C11,2,21,AF,FALSE,P410,pooled
D215A8,D215A8,TTCAGCGATGGT,GTGTGYCAGCMGCCGCGGTAA,6,A8,NA,NA,D215_A8,2,9,AB+AF,FALSE,P215,D215A8
D710G7,D710G7,TGACGAGGGCTG,GTGTGYCAGCMGCCGCGGTAA,6,G7,NA,NA,D710_G7,1,42,AF,FALSE,P710,pooled
D805H9,D805H9,CTTTGATAATAA,GTGTGYCAGCMGCCGCGGTAA,6,H9,NA,NA,D805_H9,3,51,AB,FALSE,P805,pooled
D810H11,D810H11,CTGTAAAGGTTG,GTGTGYCAGCMGCCGCGGTAA,6,H11,NA,NA,D810_H11,2,51,AF,FALSE,P810,pooled
D605F1,D605F1,TTGGAACGGCTT,GTGTGYCAGCMGCCGCGGTAA,6,F1,NA,NA,D605_F1,1,33,AB,FALSE,P605,pooled
D605F2,D605F2,TGTTGCGTTTCT,GTGTGYCAGCMGCCGCGGTAA,6,F2,NA,NA,D605_F2,2,33,AB,FALSE,P605,pooled
D215A9,D215A9,AAGATCGTACTG,GTGTGYCAGCMGCCGCGGTAA,6,A9,NA,NA,D215_A9,3,9,AB+AF,FALSE,P215,D215A9
D315B12,D315B12,GAGCGCCGAACA,GTGTGYCAGCMGCCGCGGTAA,6,B12,NA,NA,D315_B12,3,15,AB+AF,FALSE,P315,pooled
D805H8,D805H8,GTGCGAGGACAA,GTGTGYCAGCMGCCGCGGTAA,6,H8,NA,NA,D805_H8,2,51,AB,FALSE,P805,pooled
D425D6,D425D6,CATTCAGTTATA,GTGTGYCAGCMGCCGCGGTAA,6,D6,NA,NA,D425_D6,3,21,PC,FALSE,P425,pooled
D215A7,D215A7,TGGCCGTTACTG,GTGTGYCAGCMGCCGCGGTAA,6,A7,NA,NA,D215_A7,1,9,AB+AF,FALSE,P215,D215A7
D810H10,D810H10,CATAAATTCTTG,GTGTGYCAGCMGCCGCGGTAA,6,H10,NA,NA,D810_H10,1,51,AF,FALSE,P810,pooled
D410C10,D410C10,TCCTAGGTCCGA,GTGTGYCAGCMGCCGCGGTAA,6,C10,NA,NA,D410_C10,1,21,AF,FALSE,P410,pooled
D515E5,D515E5,CAGTAGCGATAT,GTGTGYCAGCMGCCGCGGTAA,6,E5,NA,NA,D515_E5,2,27,AB+AF,FALSE,P515,pooled
D505D11,D505D11,CGCGGCGCAGCT,GTGTGYCAGCMGCCGCGGTAA,6,D11,NA,NA,D505_D11,2,27,AB,FALSE,P505,pooled
D230B3,D230B3,ATTTGCTTTGCC,GTGTGYCAGCMGCCGCGGTAA,6,B3,NA,NA,D230_B3,3,9,NC,FALSE,P230,D230B3
D830A8,D830A8,CTGGTAAGTCCA,GTGTGYCAGCMGCCGCGGTAA,7,A8,NA,NA,D830_A8,2,51,NC,FALSE,P830,pooled
D230B1,D230B1,GCAAGAATACAT,GTGTGYCAGCMGCCGCGGTAA,6,B1,NA,NA,D230_B1,1,9,NC,FALSE,P230,D230B1
D730H4,D730H4,ACGCCGAGGTAG,GTGTGYCAGCMGCCGCGGTAA,6,H4,NA,NA,D730_H4,1,42,NC,FALSE,P730,pooled
D330C5,D330C5,AGCAACATTGCA,GTGTGYCAGCMGCCGCGGTAA,6,C5,NA,NA,D330_C5,2,15,NC,FALSE,P330,pooled
D605F3,D605F3,TTATACGTTGTA,GTGTGYCAGCMGCCGCGGTAA,6,F3,NA,NA,D605_F3,3,33,AB,FALSE,P605,pooled
D430D7,D430D7,CCAGATATAGCA,GTGTGYCAGCMGCCGCGGTAA,6,D7,NA,NA,D430_D7,1,21,NC,FALSE,P430,pooled
D330C6,D330C6,CAGTGTCATGAA,GTGTGYCAGCMGCCGCGGTAA,6,C6,NA,NA,D330_C6,3,15,NC,FALSE,P330,pooled
D425D4,D425D4,GAGAATGGAAAG,GTGTGYCAGCMGCCGCGGTAA,6,D4,NA,NA,D425_D4,1,21,PC,FALSE,P425,pooled
D830A7,D830A7,AGGGAGCTTCGG,GTGTGYCAGCMGCCGCGGTAA,7,A7,NA,NA,D830_A7,1,51,NC,FALSE,P830,pooled
D730H5,D730H5,CTCACGCAATGC,GTGTGYCAGCMGCCGCGGTAA,6,H5,NA,NA,D730_H5,2,42,NC,FALSE,P730,pooled
D830A9,D830A9,GGACTTCCAGCT,GTGTGYCAGCMGCCGCGGTAA,7,A9,NA,NA,D830_A9,3,51,NC,FALSE,P830,pooled
D210A6,D210A6,GAGAGGGATCAC,GTGTGYCAGCMGCCGCGGTAA,6,A6,NA,NA,D210_A6,3,9,AF,FALSE,P210,D210A6
D430D9,D430D9,CTCATATGCTAT,GTGTGYCAGCMGCCGCGGTAA,6,D9,NA,NA,D430_D9,3,21,NC,FALSE,P430,pooled
D210A5,D210A5,AGCTTCGACAGT,GTGTGYCAGCMGCCGCGGTAA,6,A5,NA,NA,D210_A5,2,9,AF,FALSE,P210,D210A5
D810H12,D810H12,GGCAGTGTTAAT,GTGTGYCAGCMGCCGCGGTAA,6,H12,NA,NA,D810_H12,3,51,AF,FALSE,P810,pooled
D505D10,D505D10,CTCTTCTGATCA,GTGTGYCAGCMGCCGCGGTAA,6,D10,NA,NA,D505_D10,1,27,AB,FALSE,P505,pooled